Codigo,URL
1270387.0,https://vsanma97.github.io/OBRA-LINARES/fichas/1270387.0.html
1194652.0,https://vsanma97.github.io/OBRA-LINARES/fichas/1194652.0.html
1269909.0,https://vsanma97.github.io/OBRA-LINARES/fichas/1269909.0.html
1177641.0,https://vsanma97.github.io/OBRA-LINARES/fichas/1177641.0.html
1257570.0,https://vsanma97.github.io/OBRA-LINARES/fichas/1257570.0.html
1191216.0,https://vsanma97.github.io/OBRA-LINARES/fichas/1191216.0.html
1191321.0,https://vsanma97.github.io/OBRA-LINARES/fichas/1191321.0.html
1283090.0,https://vsanma97.github.io/OBRA-LINARES/fichas/1283090.0.html
1283102.0,https://vsanma97.github.io/OBRA-LINARES/fichas/1283102.0.html
1177895.0,https://vsanma97.github.io/OBRA-LINARES/fichas/1177895.0.html
1178193.0,https://vsanma97.github.io/OBRA-LINARES/fichas/1178193.0.html
1179508.0,https://vsanma97.github.io/OBRA-LINARES/fichas/1179508.0.html
1244103.0,https://vsanma97.github.io/OBRA-LINARES/fichas/1244103.0.html
1208161.0,https://vsanma97.github.io/OBRA-LINARES/fichas/1208161.0.html
1181093.0,https://vsanma97.github.io/OBRA-LINARES/fichas/1181093.0.html
1191945.0,https://vsanma97.github.io/OBRA-LINARES/fichas/1191945.0.html
1189722.0,https://vsanma97.github.io/OBRA-LINARES/fichas/1189722.0.html
1269802.0,https://vsanma97.github.io/OBRA-LINARES/fichas/1269802.0.html
1295373.0,https://vsanma97.github.io/OBRA-LINARES/fichas/1295373.0.html
1285634.0,https://vsanma97.github.io/OBRA-LINARES/fichas/1285634.0.html
1198725.0,https://vsanma97.github.io/OBRA-LINARES/fichas/1198725.0.html
1251688.0,https://vsanma97.github.io/OBRA-LINARES/fichas/1251688.0.html
1251688.0,https://vsanma97.github.io/OBRA-LINARES/fichas/1251688.0.html
1251696.0,https://vsanma97.github.io/OBRA-LINARES/fichas/1251696.0.html
1251725.0,https://vsanma97.github.io/OBRA-LINARES/fichas/1251725.0.html
1251709.0,https://vsanma97.github.io/OBRA-LINARES/fichas/1251709.0.html
1184083.0,https://vsanma97.github.io/OBRA-LINARES/fichas/1184083.0.html
1193131.0,https://vsanma97.github.io/OBRA-LINARES/fichas/1193131.0.html
1177879.0,https://vsanma97.github.io/OBRA-LINARES/fichas/1177879.0.html
1256198.0,https://vsanma97.github.io/OBRA-LINARES/fichas/1256198.0.html
1275938.0,https://vsanma97.github.io/OBRA-LINARES/fichas/1275938.0.html
1275920.0,https://vsanma97.github.io/OBRA-LINARES/fichas/1275920.0.html
1272251.0,https://vsanma97.github.io/OBRA-LINARES/fichas/1272251.0.html
1278303.0,https://vsanma97.github.io/OBRA-LINARES/fichas/1278303.0.html
1291188.0,https://vsanma97.github.io/OBRA-LINARES/fichas/1291188.0.html
1179524.0,https://vsanma97.github.io/OBRA-LINARES/fichas/1179524.0.html
1256340.0,https://vsanma97.github.io/OBRA-LINARES/fichas/1256340.0.html
1182889.0,https://vsanma97.github.io/OBRA-LINARES/fichas/1182889.0.html
1295461.0,https://vsanma97.github.io/OBRA-LINARES/fichas/1295461.0.html
1295470.0,https://vsanma97.github.io/OBRA-LINARES/fichas/1295470.0.html
1279357.0,https://vsanma97.github.io/OBRA-LINARES/fichas/1279357.0.html
1192260.0,https://vsanma97.github.io/OBRA-LINARES/fichas/1192260.0.html
1189191.0,https://vsanma97.github.io/OBRA-LINARES/fichas/1189191.0.html
1189175.0,https://vsanma97.github.io/OBRA-LINARES/fichas/1189175.0.html
1194281.0,https://vsanma97.github.io/OBRA-LINARES/fichas/1194281.0.html
1194290.0,https://vsanma97.github.io/OBRA-LINARES/fichas/1194290.0.html
1270521.0,https://vsanma97.github.io/OBRA-LINARES/fichas/1270521.0.html
1270432.0,https://vsanma97.github.io/OBRA-LINARES/fichas/1270432.0.html
1270459.0,https://vsanma97.github.io/OBRA-LINARES/fichas/1270459.0.html
1270441.0,https://vsanma97.github.io/OBRA-LINARES/fichas/1270441.0.html
1268623.0,https://vsanma97.github.io/OBRA-LINARES/fichas/1268623.0.html
1192956.0,https://vsanma97.github.io/OBRA-LINARES/fichas/1192956.0.html
1274821.0,https://vsanma97.github.io/OBRA-LINARES/fichas/1274821.0.html
1274839.0,https://vsanma97.github.io/OBRA-LINARES/fichas/1274839.0.html
1274847.0,https://vsanma97.github.io/OBRA-LINARES/fichas/1274847.0.html
1182803.0,https://vsanma97.github.io/OBRA-LINARES/fichas/1182803.0.html
1288093.0,https://vsanma97.github.io/OBRA-LINARES/fichas/1288093.0.html
1289512.0,https://vsanma97.github.io/OBRA-LINARES/fichas/1289512.0.html
1289483.0,https://vsanma97.github.io/OBRA-LINARES/fichas/1289483.0.html
1289491.0,https://vsanma97.github.io/OBRA-LINARES/fichas/1289491.0.html
1191718.0,https://vsanma97.github.io/OBRA-LINARES/fichas/1191718.0.html
1274791.0,https://vsanma97.github.io/OBRA-LINARES/fichas/1274791.0.html
1275946.0,https://vsanma97.github.io/OBRA-LINARES/fichas/1275946.0.html
1183136.0,https://vsanma97.github.io/OBRA-LINARES/fichas/1183136.0.html
1299451.0,https://vsanma97.github.io/OBRA-LINARES/fichas/1299451.0.html
1191662.0,https://vsanma97.github.io/OBRA-LINARES/fichas/1191662.0.html
1201470.0,https://vsanma97.github.io/OBRA-LINARES/fichas/1201470.0.html
1178839.0,https://vsanma97.github.io/OBRA-LINARES/fichas/1178839.0.html
1193713.0,https://vsanma97.github.io/OBRA-LINARES/fichas/1193713.0.html
1188105.0,https://vsanma97.github.io/OBRA-LINARES/fichas/1188105.0.html
1259305.0,https://vsanma97.github.io/OBRA-LINARES/fichas/1259305.0.html
1192999.0,https://vsanma97.github.io/OBRA-LINARES/fichas/1192999.0.html
1182758.0,https://vsanma97.github.io/OBRA-LINARES/fichas/1182758.0.html
1179698.0,https://vsanma97.github.io/OBRA-LINARES/fichas/1179698.0.html
1278928.0,https://vsanma97.github.io/OBRA-LINARES/fichas/1278928.0.html
1278936.0,https://vsanma97.github.io/OBRA-LINARES/fichas/1278936.0.html
1280551.0,https://vsanma97.github.io/OBRA-LINARES/fichas/1280551.0.html
1192112.0,https://vsanma97.github.io/OBRA-LINARES/fichas/1192112.0.html
1192121.0,https://vsanma97.github.io/OBRA-LINARES/fichas/1192121.0.html
1192139.0,https://vsanma97.github.io/OBRA-LINARES/fichas/1192139.0.html
1190483.0,https://vsanma97.github.io/OBRA-LINARES/fichas/1190483.0.html
1188471.0,https://vsanma97.github.io/OBRA-LINARES/fichas/1188471.0.html
1187241.0,https://vsanma97.github.io/OBRA-LINARES/fichas/1187241.0.html
1274783.0,https://vsanma97.github.io/OBRA-LINARES/fichas/1274783.0.html
1196455.0,https://vsanma97.github.io/OBRA-LINARES/fichas/1196455.0.html
1177650.0,https://vsanma97.github.io/OBRA-LINARES/fichas/1177650.0.html
1187671.0,https://vsanma97.github.io/OBRA-LINARES/fichas/1187671.0.html
1187751.0,https://vsanma97.github.io/OBRA-LINARES/fichas/1187751.0.html
1291532.0,https://vsanma97.github.io/OBRA-LINARES/fichas/1291532.0.html
1188463.0,https://vsanma97.github.io/OBRA-LINARES/fichas/1188463.0.html
1188447.0,https://vsanma97.github.io/OBRA-LINARES/fichas/1188447.0.html
1254361.0,https://vsanma97.github.io/OBRA-LINARES/fichas/1254361.0.html
1177490.0,https://vsanma97.github.io/OBRA-LINARES/fichas/1177490.0.html
1180331.0,https://vsanma97.github.io/OBRA-LINARES/fichas/1180331.0.html
1204232.0,https://vsanma97.github.io/OBRA-LINARES/fichas/1204232.0.html
1256817.0,https://vsanma97.github.io/OBRA-LINARES/fichas/1256817.0.html
1198151.0,https://vsanma97.github.io/OBRA-LINARES/fichas/1198151.0.html
1275065.0,https://vsanma97.github.io/OBRA-LINARES/fichas/1275065.0.html
1277466.0,https://vsanma97.github.io/OBRA-LINARES/fichas/1277466.0.html
1274206.0,https://vsanma97.github.io/OBRA-LINARES/fichas/1274206.0.html
1267250.0,https://vsanma97.github.io/OBRA-LINARES/fichas/1267250.0.html
1268615.0,https://vsanma97.github.io/OBRA-LINARES/fichas/1268615.0.html
1179348.0,https://vsanma97.github.io/OBRA-LINARES/fichas/1179348.0.html
,https://vsanma97.github.io/OBRA-LINARES/fichas/nan.html
,https://vsanma97.github.io/OBRA-LINARES/fichas/nan.html
,https://vsanma97.github.io/OBRA-LINARES/fichas/nan.html
,https://vsanma97.github.io/OBRA-LINARES/fichas/nan.html
,https://vsanma97.github.io/OBRA-LINARES/fichas/nan.html
,https://vsanma97.github.io/OBRA-LINARES/fichas/nan.html
,https://vsanma97.github.io/OBRA-LINARES/fichas/nan.html
,https://vsanma97.github.io/OBRA-LINARES/fichas/nan.html
,https://vsanma97.github.io/OBRA-LINARES/fichas/nan.html
,https://vsanma97.github.io/OBRA-LINARES/fichas/nan.html
,https://vsanma97.github.io/OBRA-LINARES/fichas/nan.html
,https://vsanma97.github.io/OBRA-LINARES/fichas/nan.html
,https://vsanma97.github.io/OBRA-LINARES/fichas/nan.html
,https://vsanma97.github.io/OBRA-LINARES/fichas/nan.html
,https://vsanma97.github.io/OBRA-LINARES/fichas/nan.html
,https://vsanma97.github.io/OBRA-LINARES/fichas/nan.html
,https://vsanma97.github.io/OBRA-LINARES/fichas/nan.html
,https://vsanma97.github.io/OBRA-LINARES/fichas/nan.html
,https://vsanma97.github.io/OBRA-LINARES/fichas/nan.html
,https://vsanma97.github.io/OBRA-LINARES/fichas/nan.html
,https://vsanma97.github.io/OBRA-LINARES/fichas/nan.html
,https://vsanma97.github.io/OBRA-LINARES/fichas/nan.html
